name,version,license,ecosystem
@babel/helper-string-parser,7.29.7,MIT,npm
@babel/helper-validator-identifier,7.29.7,MIT,npm
@babel/parser,7.29.8,MIT,npm
@babel/types,7.29.8,MIT,npm
@cfcs/core,0.0.24,MIT,npm
@cfcs/core,0.1.0,MIT,npm
@cfcs/vue3,0.1.0,MIT,npm
@egjs/agent,2.4.4,MIT,npm
@egjs/axes,3.9.2,MIT,npm
@egjs/component,3.0.5,MIT,npm
@egjs/flicking,4.17.0,MIT,npm
@egjs/flicking-plugins,4.8.1,MIT,npm
@egjs/imready,1.4.2,MIT,npm
@egjs/list-differ,1.0.1,MIT,npm
@egjs/vue3-flicking,4.17.0,MIT,npm
@esbuild/aix-ppc64,0.25.12,MIT,npm
@esbuild/android-arm,0.25.12,MIT,npm
@esbuild/android-arm64,0.25.12,MIT,npm
@esbuild/android-x64,0.25.12,MIT,npm
@esbuild/darwin-arm64,0.25.12,MIT,npm
@esbuild/darwin-x64,0.25.12,MIT,npm
@esbuild/freebsd-arm64,0.25.12,MIT,npm
@esbuild/freebsd-x64,0.25.12,MIT,npm
@esbuild/linux-arm,0.25.12,MIT,npm
@esbuild/linux-arm64,0.25.12,MIT,npm
@esbuild/linux-ia32,0.25.12,MIT,npm
@esbuild/linux-loong64,0.25.12,MIT,npm
@esbuild/linux-mips64el,0.25.12,MIT,npm
@esbuild/linux-ppc64,0.25.12,MIT,npm
@esbuild/linux-riscv64,0.25.12,MIT,npm
@esbuild/linux-s390x,0.25.12,MIT,npm
@esbuild/linux-x64,0.25.12,MIT,npm
@esbuild/netbsd-arm64,0.25.12,MIT,npm
@esbuild/netbsd-x64,0.25.12,MIT,npm
@esbuild/openbsd-arm64,0.25.12,MIT,npm
@esbuild/openbsd-x64,0.25.12,MIT,npm
@esbuild/openharmony-arm64,0.25.12,MIT,npm
@esbuild/sunos-x64,0.25.12,MIT,npm
@esbuild/win32-arm64,0.25.12,MIT,npm
@esbuild/win32-ia32,0.25.12,MIT,npm
@esbuild/win32-x64,0.25.12,MIT,npm
@fontsource/inter,5.3.0,OFL-1.1,npm
@fontsource/open-sans,5.3.0,OFL-1.1,npm
@fontsource/roboto,5.3.0,OFL-1.1,npm
@jridgewell/gen-mapping,0.3.13,MIT,npm
@jridgewell/remapping,2.3.5,MIT,npm
@jridgewell/resolve-uri,3.1.2,MIT,npm
@jridgewell/sourcemap-codec,1.5.5,MIT,npm
@jridgewell/trace-mapping,0.3.31,MIT,npm
@lit-labs/ssr-dom-shim,1.6.0,BSD-3-Clause,npm
@lit/reactive-element,2.1.2,BSD-3-Clause,npm
@lottiefiles/dotlottie-wc,0.9.28,MIT,npm
@lottiefiles/dotlottie-web,0.80.0,MIT,npm
@parcel/watcher,2.5.6,MIT,npm
@parcel/watcher-android-arm64,2.5.6,MIT,npm
@parcel/watcher-darwin-arm64,2.5.6,MIT,npm
@parcel/watcher-darwin-x64,2.5.6,MIT,npm
@parcel/watcher-freebsd-x64,2.5.6,MIT,npm
@parcel/watcher-linux-arm-glibc,2.5.6,MIT,npm
@parcel/watcher-linux-arm-musl,2.5.6,MIT,npm
@parcel/watcher-linux-arm64-glibc,2.5.6,MIT,npm
@parcel/watcher-linux-arm64-musl,2.5.6,MIT,npm
@parcel/watcher-linux-x64-glibc,2.5.6,MIT,npm
@parcel/watcher-linux-x64-musl,2.5.6,MIT,npm
@parcel/watcher-win32-arm64,2.5.6,MIT,npm
@parcel/watcher-win32-ia32,2.5.6,MIT,npm
@parcel/watcher-win32-x64,2.5.6,MIT,npm
@rollup/rollup-android-arm-eabi,4.61.1,MIT,npm
@rollup/rollup-android-arm64,4.61.1,MIT,npm
@rollup/rollup-darwin-arm64,4.61.1,MIT,npm
@rollup/rollup-darwin-x64,4.61.1,MIT,npm
@rollup/rollup-freebsd-arm64,4.61.1,MIT,npm
@rollup/rollup-freebsd-x64,4.61.1,MIT,npm
@rollup/rollup-linux-arm-gnueabihf,4.61.1,MIT,npm
@rollup/rollup-linux-arm-musleabihf,4.61.1,MIT,npm
@rollup/rollup-linux-arm64-gnu,4.61.1,MIT,npm
@rollup/rollup-linux-arm64-musl,4.61.1,MIT,npm
@rollup/rollup-linux-loong64-gnu,4.61.1,MIT,npm
@rollup/rollup-linux-loong64-musl,4.61.1,MIT,npm
@rollup/rollup-linux-ppc64-gnu,4.61.1,MIT,npm
@rollup/rollup-linux-ppc64-musl,4.61.1,MIT,npm
@rollup/rollup-linux-riscv64-gnu,4.61.1,MIT,npm
@rollup/rollup-linux-riscv64-musl,4.61.1,MIT,npm
@rollup/rollup-linux-s390x-gnu,4.61.1,MIT,npm
@rollup/rollup-linux-x64-gnu,4.61.1,MIT,npm
@rollup/rollup-linux-x64-musl,4.61.1,MIT,npm
@rollup/rollup-openbsd-x64,4.61.1,MIT,npm
@rollup/rollup-openharmony-arm64,4.61.1,MIT,npm
@rollup/rollup-win32-arm64-msvc,4.61.1,MIT,npm
@rollup/rollup-win32-ia32-msvc,4.61.1,MIT,npm
@rollup/rollup-win32-x64-gnu,4.61.1,MIT,npm
@rollup/rollup-win32-x64-msvc,4.61.1,MIT,npm
@types/trusted-types,2.0.7,MIT,npm
@types/web-bluetooth,0.0.21,MIT,npm
@unhead/bundler,3.4.0,MIT,npm
@unhead/vue,3.4.0,MIT,npm
@vue/compiler-core,3.5.42,MIT,npm
@vue/compiler-dom,3.5.42,MIT,npm
@vue/compiler-sfc,3.5.42,MIT,npm
@vue/compiler-ssr,3.5.42,MIT,npm
@vue/devtools-api,6.6.4,MIT,npm
@vue/devtools-api,7.7.9,MIT,npm
@vue/devtools-kit,7.7.9,MIT,npm
@vue/devtools-shared,7.7.9,MIT,npm
@vue/reactivity,3.5.42,MIT,npm
@vue/runtime-core,3.5.42,MIT,npm
@vue/runtime-dom,3.5.42,MIT,npm
@vue/server-renderer,3.5.42,MIT,npm
@vue/shared,3.5.42,MIT,npm
@vueuse/components,14.4.0,MIT,npm
@vueuse/core,14.4.0,MIT,npm
@vueuse/metadata,14.4.0,MIT,npm
@vueuse/shared,14.4.0,MIT,npm
anourvalar/eloquent-serialize,1.3.10,MIT,composer
aws/aws-crt-php,v1.2.7,Apache-2.0,composer
aws/aws-sdk-php,3.394.9,Apache-2.0,composer
bacon/bacon-qr-code,v3.1.1,BSD-2-Clause,composer
bezhansalleh/filament-language-switch,3.1.1,MIT,composer
birpc,2.9.0,MIT,npm
blade-ui-kit/blade-heroicons,2.7.0,MIT,composer
blade-ui-kit/blade-icons,1.10.0,MIT,composer
brick/math,0.14.8,MIT,composer
carbonphp/carbon-doctrine-types,3.2.1,MIT,composer
chokidar,5.0.0,MIT,npm
cividash,,EUPL-1.2+,npm
codewithdennis/filament-simple-alert,v3.0.21,MIT,composer
copy-anything,4.0.5,MIT,npm
csstype,3.2.3,MIT,npm
danharrin/date-format-converter,v0.3.1,MIT,composer
danharrin/livewire-rate-limiting,v2.2.0,MIT,composer
dasprid/enum,1.0.7,BSD-2-Clause,composer
dflydev/dot-access-data,v3.0.3,MIT,composer
doctrine/dbal,4.4.3,MIT,composer
doctrine/deprecations,1.1.6,MIT,composer
doctrine/inflector,2.1.0,MIT,composer
doctrine/lexer,3.0.1,MIT,composer
dompurify,3.4.15,(MPL-2.0 OR Apache-2.0),npm
dragonmantank/cron-expression,v3.6.0,MIT,composer
egulias/email-validator,4.0.4,MIT,composer
entities,7.0.1,BSD-2-Clause,npm
estree-walker,2.0.2,MIT,npm
filament/actions,v3.3.54,MIT,composer
filament/filament,v3.3.54,MIT,composer
filament/forms,v3.3.54,MIT,composer
filament/infolists,v3.3.54,MIT,composer
filament/notifications,v3.3.54,MIT,composer
filament/spatie-laravel-settings-plugin,v3.3.54,MIT,composer
filament/spatie-laravel-translatable-plugin,v3.3.54,MIT,composer
filament/support,v3.3.54,MIT,composer
filament/tables,v3.3.54,MIT,composer
filament/widgets,v3.3.54,MIT,composer
firebase/php-jwt,v7.1.0,BSD-3-Clause,composer
fruitcake/php-cors,v1.4.0,MIT,composer
fsevents,2.3.2,MIT,npm
graham-campbell/result-type,v1.2.0,MIT,composer
guzzlehttp/guzzle,7.15.5,MIT,composer
guzzlehttp/promises,2.5.3,MIT,composer
guzzlehttp/psr7,2.13.1,MIT,composer
guzzlehttp/uri-template,v1.0.11,MIT,composer
hookable,5.5.3,MIT,npm
hookable,6.1.1,MIT,npm
is-what,5.5.0,MIT,npm
justinrainbow/json-schema,6.12.0,MIT,composer
kirschbaum-development/eloquent-power-joins,4.3.2,MIT,composer
laravel/fortify,v1.39.0,MIT,composer
laravel/framework,v12.69.1,MIT,composer
laravel/passkeys,v0.2.1,MIT,composer
laravel/prompts,v0.3.24,MIT,composer
laravel/sanctum,v4.3.3,MIT,composer
laravel/serializable-closure,v2.0.16,MIT,composer
laravel/socialite,v5.31.0,MIT,composer
laravel/tinker,v3.0.2,MIT,composer
league/commonmark,2.10.0,BSD-3-Clause,composer
league/config,v1.2.0,BSD-3-Clause,composer
league/csv,9.28.0,MIT,composer
league/flysystem,3.36.0,MIT,composer
league/flysystem-aws-s3-v3,3.35.3,MIT,composer
league/flysystem-local,3.35.3,MIT,composer
league/mime-type-detection,1.17.0,MIT,composer
league/oauth1-client,v1.11.0,MIT,composer
league/uri,7.8.1,MIT,composer
league/uri-interfaces,7.8.1,MIT,composer
lightningcss-android-arm64,1.32.0,MPL-2.0,npm
lightningcss-darwin-arm64,1.32.0,MPL-2.0,npm
lightningcss-darwin-x64,1.32.0,MPL-2.0,npm
lightningcss-freebsd-x64,1.32.0,MPL-2.0,npm
lightningcss-linux-arm-gnueabihf,1.32.0,MPL-2.0,npm
lightningcss-linux-arm64-gnu,1.32.0,MPL-2.0,npm
lightningcss-linux-arm64-musl,1.32.0,MPL-2.0,npm
lightningcss-linux-x64-gnu,1.32.0,MPL-2.0,npm
lightningcss-linux-x64-musl,1.32.0,MPL-2.0,npm
lightningcss-win32-arm64-msvc,1.32.0,MPL-2.0,npm
lightningcss-win32-x64-msvc,1.32.0,MPL-2.0,npm
lit,3.3.3,BSD-3-Clause,npm
lit-element,4.2.2,BSD-3-Clause,npm
lit-html,3.3.3,BSD-3-Clause,npm
livewire/livewire,v3.8.7,MIT,composer
magic-string,0.30.21,MIT,npm
magic-string,1.2.3,MIT,npm
marc-mabe/php-enum,v4.7.2,BSD-3-Clause,composer
masterminds/html5,2.10.1,MIT,composer
mitt,3.0.1,MIT,npm
monolog/monolog,3.11.0,MIT,composer
mtdowling/jmespath.php,2.9.2,MIT,composer
nanoid,3.3.18,MIT,npm
nesbot/carbon,3.13.2,MIT,composer
nette/schema,v1.3.6,BSD-3-Clause OR GPL-2.0-only OR GPL-3.0-only,composer
nette/utils,v4.1.5,BSD-3-Clause OR GPL-2.0-only OR GPL-3.0-only,composer
nikic/php-parser,v5.8.0,BSD-3-Clause,composer
node-addon-api,7.1.1,MIT,npm
nunomaduro/termwind,v2.4.0,MIT,composer
openspout/openspout,v4.28.5,MIT,composer
oxc-walker,1.1.1,MIT,npm
paragonie/constant_time_encoding,v3.1.3,MIT,composer
pboivin/filament-peek,v2.4.0,MIT,composer
perfect-debounce,1.0.0,MIT,npm
phpdocumentor/reflection-common,2.2.0,MIT,composer
phpdocumentor/reflection-docblock,6.0.3,MIT,composer
phpdocumentor/type-resolver,2.0.0,MIT,composer
phpoption/phpoption,1.10.0,Apache-2.0,composer
phpseclib/phpseclib,4.0.1,MIT,composer
phpstan/phpdoc-parser,2.3.5,MIT,composer
picocolors,1.1.1,ISC,npm
picomatch,4.0.4,MIT,npm
pinia,3.0.4,MIT,npm
postcss,8.5.28,MIT,npm
pragmarx/google2fa,v9.1.0,MIT,composer
psr/cache,3.0.0,MIT,composer
psr/clock,1.0.0,MIT,composer
psr/container,2.0.2,MIT,composer
psr/event-dispatcher,1.0.0,MIT,composer
psr/http-client,1.0.3,MIT,composer
psr/http-factory,1.1.0,MIT,composer
psr/http-message,2.0,MIT,composer
psr/log,3.0.2,MIT,composer
psr/simple-cache,3.0.0,MIT,composer
psy/psysh,v0.12.24,MIT,composer
ralouphie/getallheaders,3.0.3,MIT,composer
ramsey/collection,2.1.1,MIT,composer
ramsey/uuid,4.9.3,MIT,composer
readdirp,5.0.0,MIT,npm
rfdc,1.4.1,MIT,npm
ryangjchandler/blade-capture-directive,v1.1.1,MIT,composer
sass,1.104.0,MIT,npm
sass-embedded-all-unknown,1.104.0,MIT,npm
sass-embedded-android-arm,1.104.0,MIT,npm
sass-embedded-android-arm64,1.104.0,MIT,npm
sass-embedded-android-riscv64,1.104.0,MIT,npm
sass-embedded-android-x64,1.104.0,MIT,npm
sass-embedded-darwin-arm64,1.104.0,MIT,npm
sass-embedded-darwin-x64,1.104.0,MIT,npm
sass-embedded-linux-arm,1.104.0,MIT,npm
sass-embedded-linux-arm64,1.104.0,MIT,npm
sass-embedded-linux-musl-arm,1.104.0,MIT,npm
sass-embedded-linux-musl-arm64,1.104.0,MIT,npm
sass-embedded-linux-musl-riscv64,1.104.0,MIT,npm
sass-embedded-linux-musl-x64,1.104.0,MIT,npm
sass-embedded-linux-riscv64,1.104.0,MIT,npm
sass-embedded-linux-x64,1.104.0,MIT,npm
sass-embedded-unknown-all,1.104.0,MIT,npm
sass-embedded-win32-arm64,1.104.0,MIT,npm
sass-embedded-win32-x64,1.104.0,MIT,npm
socialiteproviders/keycloak,5.3.0,MIT,composer
socialiteproviders/manager,4.9.2,MIT,composer
source-map-js,1.2.1,BSD-3-Clause,npm
spatie/color,1.8.0,MIT,composer
spatie/invade,2.1.0,MIT,composer
spatie/laravel-package-tools,1.93.1,MIT,composer
spatie/laravel-permission,6.25.0,MIT,composer
spatie/laravel-settings,3.9.0,MIT,composer
spatie/laravel-translatable,6.11.4,MIT,composer
spatie/temporary-directory,2.4.0,MIT,composer
speakingurl,14.0.1,BSD-3-Clause,npm
spomky-labs/cbor-php,3.3.4,MIT,composer
spomky-labs/pki-framework,1.6.1,MIT,composer
superjson,2.2.6,MIT,npm
symfony/clock,v7.4.8,MIT,composer
symfony/console,v7.4.18,MIT,composer
symfony/css-selector,v7.4.18,MIT,composer
symfony/deprecation-contracts,v3.7.1,MIT,composer
symfony/error-handler,v7.4.17,MIT,composer
symfony/event-dispatcher,v7.4.17,MIT,composer
symfony/event-dispatcher-contracts,v3.7.1,MIT,composer
symfony/filesystem,v7.4.18,MIT,composer
symfony/finder,v7.4.17,MIT,composer
symfony/html-sanitizer,v7.4.14,MIT,composer
symfony/http-foundation,v7.4.18,MIT,composer
symfony/http-kernel,v7.4.18,MIT,composer
symfony/mailer,v7.4.17,MIT,composer
symfony/mime,v7.4.18,MIT,composer
symfony/polyfill-ctype,v1.37.0,MIT,composer
symfony/polyfill-intl-grapheme,v1.41.0,MIT,composer
symfony/polyfill-intl-idn,v1.42.0,MIT,composer
symfony/polyfill-intl-normalizer,v1.42.0,MIT,composer
symfony/polyfill-mbstring,v1.38.2,MIT,composer
symfony/polyfill-php80,v1.37.0,MIT,composer
symfony/polyfill-php82,v1.38.1,MIT,composer
symfony/polyfill-php83,v1.41.0,MIT,composer
symfony/polyfill-php84,v1.38.1,MIT,composer
symfony/polyfill-php85,v1.41.0,MIT,composer
symfony/polyfill-uuid,v1.37.0,MIT,composer
symfony/process,v7.4.18,MIT,composer
symfony/property-access,v7.4.16,MIT,composer
symfony/property-info,v7.4.18,MIT,composer
symfony/routing,v7.4.18,MIT,composer
symfony/serializer,v7.4.18,MIT,composer
symfony/service-contracts,v3.7.3,MIT,composer
symfony/string,v7.4.15,MIT,composer
symfony/translation,v7.4.17,MIT,composer
symfony/translation-contracts,v3.7.1,MIT,composer
symfony/type-info,v7.4.17,MIT,composer
symfony/uid,v7.4.17,MIT,composer
symfony/var-dumper,v7.4.18,MIT,composer
tijsverkoyen/css-to-inline-styles,v2.4.0,BSD-3-Clause,composer
unhead,3.4.0,MIT,npm
unplugin,3.3.0,MIT,npm
vlucas/phpdotenv,v5.7.0,BSD-3-Clause,composer
voku/portable-ascii,2.1.1,MIT,composer
vue,3.5.42,MIT,npm
vue-flex-waterfall,2.3.1,MIT,npm
vue-router,4.6.4,MIT,npm
vue-slider-component,4.1.0-beta.7,MIT,npm
web-auth/cose-lib,4.7.1,MIT,composer
web-auth/webauthn-lib,5.3.8,MIT,composer
webmozart/assert,2.4.1,MIT,composer
webpack-virtual-modules,0.6.2,MIT,npm
z3d0x/filament-fabricator,v2.7.0,MIT,composer
